Step,Precision,Recall
"0,05",1.0,0.6923077
"0,10",1.0,0.6
"0,15",1.0,0.5294118
"0,20",1.0,0.45
"0,25",1.0,0.39130434
"0,30",1.0,0.34615386
"0,35",1.0,0.29032257
"0,40",1.0,0.2647059
"0,45",1.0,0.22499998
"0,50",1.0,0.2093023
"0,55",1.0,0.18367347
"0,60",1.0,0.16981132
"0,65",1.0,0.15789473
"0,70",1.0,0.14285715
"0,75",1.0,0.13235295
"0,80",1.0,0.12857144
"0,85",1.0,0.12857144
"0,90",1.0,0.12857144
"0,95",1.0,0.12857144
